{
  "employee": [
    { "id": 1, "name": "Ms. Nice", "gender": "Male", "salary": 10000, "departmentId": 1 },
    { "id": 2, "name": "Mr. Nice", "gender": "Female", "salary": 5000, "departmentId": 1 },
    { "id": 3, "name": "Narco", "gender": "Male", "salary": 8000, "departmentId": 1 },
     { "id": 4, "name": "Bombasto", "gender": "Male", "salary": 9000, "departmentId": 1 }, 
     { "id": 5, "name": "Celeritas", "gender": "Male", "salary": 10000, "departmentId": 1 },
     { "name": "James", "gender": "Male", "salary": "15000", "departmentId": "2", "id": 6 }
  ],

  "todo": [
    { "id": 1, "name": "Go to the shopping" },
       { "id": 2, "name": "Feed the cat" },
       { "id": 3, "name": "Walk the dog" },
       { "id": 4, "name": "Buy gas" },
       { "id": 5, "name": "Take a break" },
       { "id": 6, "name": "Call mommy" } 
  ]
}